{"initial_reset_timestamp": 1639684416.5043173, "timestamps": [1639684419.980308, 1639684423.380718, 1639684423.448036, 1639684423.4752119, 1639684423.5024455, 1639684423.5295117, 1639684423.5562623, 1639684423.583078, 1639684426.9490135, 1639684427.0161223, 1639684427.0444438, 1639684427.0727158, 1639684427.1008997, 1639684427.1291502, 1639684427.1568522, 1639684427.1847625, 1639684427.2125468, 1639684427.2402751, 1639684427.2679334, 1639684427.2958443, 1639684427.323428, 1639684427.35099, 1639684427.3786845, 1639684427.4067082, 1639684427.4346197, 1639684427.4621198, 1639684427.4900367, 1639684430.8486927, 1639684430.915203, 1639684430.942842, 1639684430.970449, 1639684430.9980845, 1639684431.0257328, 1639684431.0530245, 1639684431.0802045, 1639684431.1075635, 1639684431.1348205, 1639684431.1624343, 1639684431.1897504, 1639684431.217578, 1639684431.2448614, 1639684431.2720428, 1639684431.2992077, 1639684431.3264587, 1639684431.3535974, 1639684431.38097, 1639684431.4083827, 1639684431.4357522, 1639684431.4634087, 1639684431.490694, 1639684431.518021, 1639684431.5455182, 1639684431.572843, 1639684431.6000962, 1639684431.6272779, 1639684431.654461, 1639684431.6817076, 1639684431.7089226, 1639684431.736268, 1639684431.7636797, 1639684431.79101, 1639684431.8183258, 1639684431.8459604, 1639684431.873328, 1639684435.2321486, 1639684435.2990258, 1639684435.3261807, 1639684435.353245, 1639684435.3804185, 1639684435.4074376, 1639684435.4342866, 1639684435.4609969, 1639684435.4802496, 1639684435.506992, 1639684435.5335696, 1639684435.5602782, 1639684435.5869935, 1639684435.6136615, 1639684435.6407156, 1639684435.667664, 1639684435.694495, 1639684435.7212818, 1639684435.74801, 1639684435.7747877, 1639684435.8014858, 1639684435.82842, 1639684435.8557417, 1639684435.88259, 1639684435.9093404, 1639684435.9361773, 1639684435.9628983, 1639684435.9899797, 1639684436.0167668, 1639684436.043634, 1639684436.0705483, 1639684436.097376, 1639684436.1241639, 1639684436.1509202, 1639684436.1776764, 1639684436.2045577], "episode_lengths": [200, 200, 200, 200, 200, 200, 200, 200, 200, 200, 200, 200, 200, 200, 200, 200, 200, 200, 200, 200, 200, 200, 200, 200, 200, 200, 200, 200, 200, 200, 200, 200, 200, 200, 200, 200, 200, 200, 200, 200, 200, 200, 200, 200, 200, 200, 200, 200, 200, 200, 200, 200, 200, 200, 200, 200, 200, 200, 200, 200, 200, 200, 200, 200, 200, 200, 200, 200, 200, 200, 200, 200, 144, 200, 200, 200, 200, 200, 200, 200, 200, 200, 200, 200, 200, 200, 200, 200, 200, 200, 200, 200, 200, 200, 200, 200, 200, 200, 200, 200], "episode_rewards": [200.0, 200.0, 200.0, 200.0, 200.0, 200.0, 200.0, 200.0, 200.0, 200.0, 200.0, 200.0, 200.0, 200.0, 200.0, 200.0, 200.0, 200.0, 200.0, 200.0, 200.0, 200.0, 200.0, 200.0, 200.0, 200.0, 200.0, 200.0, 200.0, 200.0, 200.0, 200.0, 200.0, 200.0, 200.0, 200.0, 200.0, 200.0, 200.0, 200.0, 200.0, 200.0, 200.0, 200.0, 200.0, 200.0, 200.0, 200.0, 200.0, 200.0, 200.0, 200.0, 200.0, 200.0, 200.0, 200.0, 200.0, 200.0, 200.0, 200.0, 200.0, 200.0, 200.0, 200.0, 200.0, 200.0, 200.0, 200.0, 200.0, 200.0, 200.0, 200.0, 144.0, 200.0, 200.0, 200.0, 200.0, 200.0, 200.0, 200.0, 200.0, 200.0, 200.0, 200.0, 200.0, 200.0, 200.0, 200.0, 200.0, 200.0, 200.0, 200.0, 200.0, 200.0, 200.0, 200.0, 200.0, 200.0, 200.0, 200.0], "episode_types": ["t", "t", "t", "t", "t", "t", "t", "t", "t", "t", "t", "t", "t", "t", "t", "t", "t", "t", "t", "t", "t", "t", "t", "t", "t", "t", "t", "t", "t", "t", "t", "t", "t", "t", "t", "t", "t", "t", "t", "t", "t", "t", "t", "t", "t", "t", "t", "t", "t", "t", "t", "t", "t", "t", "t", "t", "t", "t", "t", "t", "t", "t", "t", "t", "t", "t", "t", "t", "t", "t", "t", "t", "t", "t", "t", "t", "t", "t", "t", "t", "t", "t", "t", "t", "t", "t", "t", "t", "t", "t", "t", "t", "t", "t", "t", "t", "t", "t", "t", "t"]}