{"initial_reset_timestamp": 1639580211.6222491, "timestamps": [1639580215.2542129, 1639580218.6510947, 1639580218.707857, 1639580218.7305663, 1639580218.7520936, 1639580218.7737334, 1639580218.796796, 1639580218.817872, 1639580222.1844919, 1639580222.2438238, 1639580222.2657754, 1639580222.288247, 1639580222.3108082, 1639580222.3338666, 1639580222.3567343, 1639580222.3889523, 1639580222.4119527, 1639580222.4339185, 1639580222.455529, 1639580222.4770257, 1639580222.5007973, 1639580222.5230727, 1639580222.5475328, 1639580222.5704231, 1639580222.5923312, 1639580222.616034, 1639580222.6389985, 1639580226.0063636, 1639580226.0627983, 1639580226.085394, 1639580226.1080866, 1639580226.1308491, 1639580226.1534874, 1639580226.1772208, 1639580226.2006667, 1639580226.2283232, 1639580226.2522037, 1639580226.2756677, 1639580226.2989094, 1639580226.3223298, 1639580226.3456824, 1639580226.3712878, 1639580226.3973997, 1639580226.42025, 1639580226.442723, 1639580226.4652712, 1639580226.4884477, 1639580226.5113566, 1639580226.534518, 1639580226.5573575, 1639580226.5808444, 1639580226.603811, 1639580226.6275122, 1639580226.6506855, 1639580226.6737516, 1639580226.6972418, 1639580226.719927, 1639580226.7429745, 1639580226.7650712, 1639580226.7874954, 1639580226.810804, 1639580226.8334594, 1639580226.8558123, 1639580226.8788645, 1639580230.2522027, 1639580230.3112423, 1639580230.3331184, 1639580230.3545678, 1639580230.379371, 1639580230.4037342, 1639580230.4251292, 1639580230.447675, 1639580230.4683435, 1639580230.4901063, 1639580230.5130007, 1639580230.534251, 1639580230.5564268, 1639580230.5790715, 1639580230.6017783, 1639580230.6232927, 1639580230.6457353, 1639580230.6677277, 1639580230.689277, 1639580230.7104943, 1639580230.732081, 1639580230.7541735, 1639580230.7756338, 1639580230.7977014, 1639580230.8185797, 1639580230.8405468, 1639580230.862092, 1639580230.88425, 1639580230.9055493, 1639580230.9268723, 1639580230.9489284, 1639580230.9713967, 1639580230.9933214, 1639580231.0143158, 1639580231.036388, 1639580231.0590477], "episode_lengths": [200, 200, 200, 200, 200, 200, 200, 200, 200, 200, 200, 200, 200, 200, 200, 200, 200, 200, 200, 200, 200, 200, 200, 200, 200, 200, 200, 200, 200, 200, 200, 200, 200, 200, 200, 200, 200, 200, 200, 200, 200, 200, 200, 200, 200, 200, 200, 200, 200, 200, 200, 200, 200, 200, 200, 200, 200, 200, 200, 200, 200, 200, 200, 200, 200, 200, 200, 200, 200, 200, 200, 200, 200, 200, 200, 200, 200, 200, 200, 200, 200, 200, 200, 200, 200, 200, 200, 200, 200, 200, 200, 200, 200, 200, 200, 200, 200, 200, 200, 200], "episode_rewards": [200.0, 200.0, 200.0, 200.0, 200.0, 200.0, 200.0, 200.0, 200.0, 200.0, 200.0, 200.0, 200.0, 200.0, 200.0, 200.0, 200.0, 200.0, 200.0, 200.0, 200.0, 200.0, 200.0, 200.0, 200.0, 200.0, 200.0, 200.0, 200.0, 200.0, 200.0, 200.0, 200.0, 200.0, 200.0, 200.0, 200.0, 200.0, 200.0, 200.0, 200.0, 200.0, 200.0, 200.0, 200.0, 200.0, 200.0, 200.0, 200.0, 200.0, 200.0, 200.0, 200.0, 200.0, 200.0, 200.0, 200.0, 200.0, 200.0, 200.0, 200.0, 200.0, 200.0, 200.0, 200.0, 200.0, 200.0, 200.0, 200.0, 200.0, 200.0, 200.0, 200.0, 200.0, 200.0, 200.0, 200.0, 200.0, 200.0, 200.0, 200.0, 200.0, 200.0, 200.0, 200.0, 200.0, 200.0, 200.0, 200.0, 200.0, 200.0, 200.0, 200.0, 200.0, 200.0, 200.0, 200.0, 200.0, 200.0, 200.0], "episode_types": ["t", "t", "t", "t", "t", "t", "t", "t", "t", "t", "t", "t", "t", "t", "t", "t", "t", "t", "t", "t", "t", "t", "t", "t", "t", "t", "t", "t", "t", "t", "t", "t", "t", "t", "t", "t", "t", "t", "t", "t", "t", "t", "t", "t", "t", "t", "t", "t", "t", "t", "t", "t", "t", "t", "t", "t", "t", "t", "t", "t", "t", "t", "t", "t", "t", "t", "t", "t", "t", "t", "t", "t", "t", "t", "t", "t", "t", "t", "t", "t", "t", "t", "t", "t", "t", "t", "t", "t", "t", "t", "t", "t", "t", "t", "t", "t", "t", "t", "t", "t"]}