{"initial_reset_timestamp": 1639704098.92728, "timestamps": [1639704104.578014, 1639704109.3304708, 1639704113.7990296, 1639704117.1071167, 1639704119.9300802, 1639704123.5564053, 1639704127.0156114, 1639704130.680359, 1639704137.287696, 1639704143.0231633, 1639704146.1468875, 1639704148.6398082, 1639704152.0339112, 1639704155.5721254, 1639704158.7920957, 1639704162.5184076, 1639704165.0549939, 1639704169.7534423, 1639704174.0395076, 1639704177.2086794], "episode_lengths": [2566, 2178, 2782, 2283, 1745, 2568, 2194, 2524, 2365, 3538, 2082, 1747, 2380, 2138, 2198, 2269, 1651, 3273, 2300, 2080], "episode_rewards": [6000.0, 6000.0, 10400.0, 8400.0, 5200.0, 8000.0, 6200.0, 9000.0, 6600.0, 11400.0, 6000.0, 4400.0, 7800.0, 5000.0, 7200.0, 7200.0, 5000.0, 10400.0, 6800.0, 7200.0], "episode_types": ["t", "t", "t", "t", "t", "t", "t", "t", "t", "t", "t", "t", "t", "t", "t", "t", "t", "t", "t", "t"]}