{"initial_reset_timestamp": 1639614083.9515429, "timestamps": [1639614086.4981973, 1639614087.5931976, 1639614088.1777048, 1639614089.8782625, 1639614090.0374382, 1639614092.0874717, 1639614092.9265332, 1639614093.4906743, 1639614095.4496, 1639614095.6150804, 1639614097.6603775, 1639614098.5029244, 1639614099.068335, 1639614100.7519438, 1639614100.9059827, 1639614102.9448857, 1639614103.797377, 1639614104.363511, 1639614106.0434098, 1639614106.1976774, 1639614108.242304, 1639614109.0838592, 1639614109.6503584, 1639614111.328351, 1639614111.4836433, 1639614113.5196502, 1639614114.359445, 1639614115.1275942, 1639614116.828671, 1639614116.9835958, 1639614119.0372953, 1639614119.8855925, 1639614120.4817884, 1639614122.1889813, 1639614122.3475041, 1639614124.412458, 1639614125.267054, 1639614125.8420331, 1639614127.548743, 1639614127.705542, 1639614129.7802536, 1639614130.6360693, 1639614131.2099319, 1639614132.9168384, 1639614133.0733118, 1639614135.1462693, 1639614136.0017073, 1639614136.5781245, 1639614138.2818398, 1639614138.4398525], "episode_lengths": [588, 243, 163, 486, 44, 588, 243, 163, 486, 44, 588, 243, 163, 486, 44, 588, 243, 163, 486, 44, 588, 243, 163, 486, 44, 588, 243, 163, 486, 44, 588, 243, 163, 486, 44, 588, 243, 163, 486, 44, 588, 243, 163, 486, 44, 588, 243, 163, 486, 44], "episode_rewards": [18.0, 7.0, 4.0, 12.0, 1.0, 18.0, 7.0, 4.0, 12.0, 1.0, 18.0, 7.0, 4.0, 12.0, 1.0, 18.0, 7.0, 4.0, 12.0, 1.0, 18.0, 7.0, 4.0, 12.0, 1.0, 18.0, 7.0, 4.0, 12.0, 1.0, 18.0, 7.0, 4.0, 12.0, 1.0, 18.0, 7.0, 4.0, 12.0, 1.0, 18.0, 7.0, 4.0, 12.0, 1.0, 18.0, 7.0, 4.0, 12.0, 1.0], "episode_types": ["t", "t", "t", "t", "t", "t", "t", "t", "t", "t", "t", "t", "t", "t", "t", "t", "t", "t", "t", "t", "t", "t", "t", "t", "t", "t", "t", "t", "t", "t", "t", "t", "t", "t", "t", "t", "t", "t", "t", "t", "t", "t", "t", "t", "t", "t", "t", "t", "t", "t"]}